order_id,customer_id,product_id,quantity,order_date,store_id,payment_method,order_status
O0001,C0001,P0001,2,03/01/2024,S001,Card,Completed
O0002,C0002,P0004,1,04/01/2024,S001,Cash,Completed
O0003,C0003,P0010,3,05/01/2024,S002,Card,Completed
O0004,C0004,P0022,1,06/01/2024,S002,Card,Completed
O0005,C0005,P0035,2,06/01/2024,S003,Online,Completed
O0006,C0006,P0040,1,07/01/2024,S001,Card,Completed
O0007,C0007,P0055,4,08/01/2024,S004,Online,Completed
O0008,C0008,P0062,1,08/01/2024,S003,Cash,Completed
O0009,C0009,P0071,2,09/01/2024,S002,Card,Completed
O0010,C0010,P0080,1,10/01/2024,S001,Online,Completed
O0011,C0011,P0095,2,11/01/2024,S004,Card,Completed
O0012,C0012,P0102,1,11/01/2024,S003,Cash,Completed
O0013,C0013,P0110,3,12/01/2024,S002,Online,Completed
O0014,C0014,P0125,1,12/01/2024,S001,Card,Completed
O0015,C0015,P0130,2,13/01/2024,S003,Online,Completed
O0016,C0016,P0144,1,13/01/2024,S004,Cash,Completed
O0017,C0017,P0150,2,14/01/2024,S002,Card,Completed
O0018,C0018,P0162,1,14/01/2024,S001,Online,Completed
O0019,C0019,P0175,3,15/01/2024,S003,Card,Completed
O0020,C0020,P0180,1,15/01/2024,S004,Cash,Completed
O0021,C0021,P0191,2,16/01/2024,S001,Card,Completed
O0022,C0022,P0205,1,16/01/2024,S002,Online,Completed
O0023,C0023,P0210,2,17/01/2024,S003,Cash,Completed
O0024,C0024,P0224,1,17/01/2024,S004,Card,Completed
O0025,C0025,P0230,3,18/01/2024,S001,Online,Completed
O0026,C0026,P0242,1,18/01/2024,S002,Cash,Completed
O0027,C0027,P0250,2,19/01/2024,S003,Card,Completed
O0028,C0028,P0265,1,19/01/2024,S004,Online,Completed
O0029,C0029,P0270,2,20/01/2024,S001,Cash,Completed
O0030,C0030,P0284,1,20/01/2024,S002,Card,Completed
O0031,C0031,P0290,3,21/01/2024,S003,Online,Completed
O0032,C0032,P0305,1,21/01/2024,S004,Cash,Completed
O0033,C0033,P0310,2,22/01/2024,S001,Card,Completed
O0034,C0034,P0324,1,22/01/2024,S002,Online,Completed
O0035,C0035,P0330,2,23/01/2024,S003,Cash,Completed
O0036,C0036,P0345,1,23/01/2024,S004,Card,Completed
O0037,C0037,P0350,3,24/01/2024,S001,Online,Completed
O0038,C0038,P0362,1,24/01/2024,S002,Cash,Completed
O0039,C0039,P0370,2,25/01/2024,S003,Card,Completed
O0040,C0040,P0385,1,25/01/2024,S004,Online,Completed
O0041,C0041,P0390,2,26/01/2024,S001,Cash,Completed
O0042,C0042,P0402,1,26/01/2024,S002,Card,Completed
O0043,C0043,P0410,3,27/01/2024,S003,Online,Completed
O0044,C0044,P0425,1,27/01/2024,S004,Cash,Completed
O0045,C0045,P0430,2,28/01/2024,S001,Card,Completed
O0046,C0046,P0444,1,28/01/2024,S002,Online,Completed
O0047,C0047,P0450,2,29/01/2024,S003,Cash,Completed
O0048,C0048,P0462,1,29/01/2024,S004,Card,Completed
O0049,C0049,P0475,3,30/01/2024,S001,Online,Completed
O0050,C0050,P0480,1,30/01/2024,S002,Cash,Completed
O0051,C0051,P0491,2,31/01/2024,S003,Card,Completed
O0052,C0052,P0505,1,31/01/2024,S004,Online,Completed
O0053,C0053,P0510,2,01/02/2024,S001,Cash,Completed
O0054,C0054,P0524,1,01/02/2024,S002,Card,Completed
O0055,C0055,P0530,3,02/02/2024,S003,Online,Completed
O0056,C0056,P0542,1,02/02/2024,S004,Cash,Completed
O0057,C0057,P0550,2,03/02/2024,S001,Card,Completed
O0058,C0058,P0565,1,03/02/2024,S002,Online,Completed
O0059,C0059,P0570,2,04/02/2024,S003,Cash,Completed
O0060,C0060,P0584,1,04/02/2024,S004,Card,Completed
O0061,C0061,P0590,3,05/02/2024,S001,Online,Completed
O0062,C0062,P0605,1,05/02/2024,S002,Cash,Completed
O0063,C0063,P0610,2,06/02/2024,S003,Card,Completed
O0064,C0064,P0624,1,06/02/2024,S004,Online,Completed
O0065,C0065,P0630,2,07/02/2024,S001,Cash,Completed
O0066,C0066,P0645,1,07/02/2024,S002,Card,Completed
O0067,C0067,P0650,3,08/02/2024,S003,Online,Completed
O0068,C0068,P0662,1,08/02/2024,S004,Cash,Completed
O0069,C0069,P0670,2,09/02/2024,S001,Card,Completed
O0070,C0070,P0685,1,09/02/2024,S002,Online,Completed
O0071,C0071,P0690,2,10/02/2024,S003,Cash,Completed
O0072,C0072,P0702,1,10/02/2024,S004,Card,Completed
O0073,C0073,P0710,3,11/02/2024,S001,Online,Completed
O0074,C0074,P0725,1,11/02/2024,S002,Cash,Completed
O0075,C0075,P0730,2,12/02/2024,S003,Card,Completed
O0076,C0076,P0744,1,12/02/2024,S004,Online,Completed
O0077,C0077,P0750,2,13/02/2024,S001,Cash,Completed
O0078,C0078,P0762,1,13/02/2024,S002,Card,Completed
O0079,C0079,P0775,3,14/02/2024,S003,Online,Completed
O0080,C0080,P0780,1,14/02/2024,S004,Cash,Completed
O0081,C0081,P0791,2,15/02/2024,S001,Card,Completed
O0082,C0082,P0805,1,15/02/2024,S002,Online,Completed
O0083,C0083,P0810,2,16/02/2024,S003,Cash,Completed
O0084,C0084,P0824,1,16/02/2024,S004,Card,Completed
O0085,C0085,P0830,3,17/02/2024,S001,Online,Completed
O0086,C0086,P0842,1,17/02/2024,S002,Cash,Completed
O0087,C0087,P0850,2,18/02/2024,S003,Card,Completed
O0088,C0088,P0865,1,18/02/2024,S004,Online,Completed
O0089,C0089,P0870,2,19/02/2024,S001,Cash,Completed
O0090,C0090,P0884,1,19/02/2024,S002,Card,Completed
O0091,C0091,P0890,3,20/02/2024,S003,Online,Completed
O0092,C0092,P0905,1,20/02/2024,S004,Cash,Completed
O0093,C0093,P0910,2,21/02/2024,S001,Card,Completed
O0094,C0094,P0924,1,21/02/2024,S002,Online,Completed
O0095,C0095,P0930,2,22/02/2024,S003,Cash,Completed
O0096,C0096,P0945,1,22/02/2024,S004,Card,Completed
O0097,C0097,P0950,3,23/02/2024,S001,Online,Completed
O0098,C0098,P0962,1,23/02/2024,S002,Cash,Completed
O0099,C0099,P0970,2,24/02/2024,S003,Card,Completed
O0100,C0100,P0985,1,24/02/2024,S004,Online,Completed
O0101,C0101,P0990,2,25/02/2024,S001,Cash,Completed
O0102,C0102,P1002,1,25/02/2024,S002,Card,Completed
O0103,C0103,P1010,3,26/02/2024,S003,Online,Completed
O0104,C0104,P1025,1,26/02/2024,S004,Cash,Completed
O0105,C0105,P1030,2,27/02/2024,S001,Card,Completed
O0106,C0106,P1044,1,27/02/2024,S002,Online,Completed
O0107,C0107,P1050,2,28/02/2024,S003,Cash,Completed
O0108,C0108,P1062,1,28/02/2024,S004,Card,Completed
O0109,C0109,P1075,3,29/02/2024,S001,Online,Completed
O0110,C0110,P1080,1,29/02/2024,S002,Cash,Completed
O0111,C0111,P1091,2,01/03/2024,S003,Card,Completed
O0112,C0112,P1105,1,01/03/2024,S004,Online,Completed
O0113,C0113,P1110,2,02/03/2024,S001,Cash,Completed
O0114,C0114,P1124,1,02/03/2024,S002,Card,Completed
O0115,C0115,P1130,3,03/03/2024,S003,Online,Completed
O0116,C0116,P1142,1,03/03/2024,S004,Cash,Completed
O0117,C0117,P1150,2,04/03/2024,S001,Card,Completed
O0118,C0118,P1165,1,04/03/2024,S002,Online,Completed
O0119,C0119,P1170,2,05/03/2024,S003,Cash,Completed
O0120,C0120,P1184,1,05/03/2024,S004,Card,Completed
O0121,C0121,P1190,3,06/03/2024,S001,Online,Completed
O0122,C0122,P1205,1,06/03/2024,S002,Cash,Completed
O0123,C0123,P1210,2,07/03/2024,S003,Card,Completed
O0124,C0124,P1224,1,07/03/2024,S004,Online,Completed
O0125,C0125,P1230,2,08/03/2024,S001,Cash,Completed
O0126,C0126,P1245,1,08/03/2024,S002,Card,Completed
O0127,C0127,P1250,3,09/03/2024,S003,Online,Completed
O0128,C0128,P1262,1,09/03/2024,S004,Cash,Completed
O0129,C0129,P1270,2,10/03/2024,S001,Card,Completed
O0130,C0130,P1285,1,10/03/2024,S002,Online,Completed
O0131,C0131,P1290,2,11/03/2024,S003,Cash,Completed
O0132,C0132,P1302,1,11/03/2024,S004,Card,Completed
O0133,C0133,P1310,3,12/03/2024,S001,Online,Completed
O0134,C0134,P1325,1,12/03/2024,S002,Cash,Completed
O0135,C0135,P1330,2,13/03/2024,S003,Card,Completed
O0136,C0136,P1344,1,13/03/2024,S004,Online,Completed
O0137,C0137,P1350,2,14/03/2024,S001,Cash,Completed
O0138,C0138,P1362,1,14/03/2024,S002,Card,Completed
O0139,C0139,P1375,3,15/03/2024,S003,Online,Completed
O0140,C0140,P1380,1,15/03/2024,S004,Cash,Completed
O0141,C0141,P1391,2,16/03/2024,S001,Card,Completed
O0142,C0142,P1405,1,16/03/2024,S002,Online,Completed
O0143,C0143,P1410,2,17/03/2024,S003,Cash,Completed
O0144,C0144,P1424,1,17/03/2024,S004,Card,Completed
O0145,C0145,P1430,3,18/03/2024,S001,Online,Completed
O0146,C0146,P1442,1,18/03/2024,S002,Cash,Completed
O0147,C0147,P1450,2,19/03/2024,S003,Card,Completed
O0148,C0148,P1465,1,19/03/2024,S004,Online,Completed
O0149,C0149,P1470,2,20/03/2024,S001,Cash,Completed
O0150,C0150,P1484,1,20/03/2024,S002,Card,Completed
O0151,C0151,P1489,2,21/03/2024,S003,Online,Completed
O0152,C0152,P1495,1,21/03/2024,S004,Cash,Completed
O0153,C0153,P1502,2,22/03/2024,S001,Card,Completed
O0154,C0154,P1510,1,22/03/2024,S002,Online,Completed
O0155,C0155,P1524,3,23/03/2024,S003,Cash,Completed
O0156,C0156,P1530,1,23/03/2024,S004,Card,Completed
O0157,C0157,P1542,2,24/03/2024,S001,Online,Completed
O0158,C0158,P1550,1,24/03/2024,S002,Cash,Completed
O0159,C0159,P1565,2,25/03/2024,S003,Card,Completed
O0160,C0160,P1570,1,25/03/2024,S004,Online,Completed
O0161,C0161,P1584,3,26/03/2024,S001,Cash,Completed
O0162,C0162,P1590,1,26/03/2024,S002,Card,Completed
O0163,C0163,P1602,2,27/03/2024,S003,Online,Completed
O0164,C0164,P1610,1,27/03/2024,S004,Cash,Completed
O0165,C0165,P1625,2,28/03/2024,S001,Card,Completed
O0166,C0166,P1630,1,28/03/2024,S002,Online,Completed
O0167,C0167,P1644,3,29/03/2024,S003,Cash,Completed
O0168,C0168,P1650,1,29/03/2024,S004,Card,Completed
O0169,C0169,P1662,2,30/03/2024,S001,Online,Completed
O0170,C0170,P1670,1,30/03/2024,S002,Cash,Completed
O0171,C0171,P1685,2,31/03/2024,S003,Card,Completed
O0172,C0172,P1690,1,31/03/2024,S004,Online,Completed
O0173,C0173,P1702,3,01/04/2024,S001,Cash,Completed
O0174,C0174,P1710,1,01/04/2024,S002,Card,Completed
O0175,C0175,P1724,2,02/04/2024,S003,Online,Completed
O0176,C0176,P1730,1,02/04/2024,S004,Cash,Completed
O0177,C0177,P1745,2,03/04/2024,S001,Card,Completed
O0178,C0178,P1750,1,03/04/2024,S002,Online,Completed
O0179,C0179,P1762,3,04/04/2024,S003,Cash,Completed
O0180,C0180,P1770,1,04/04/2024,S004,Card,Completed
O0181,C0181,P1784,2,05/04/2024,S001,Online,Completed
O0182,C0182,P1790,1,05/04/2024,S002,Cash,Completed
O0183,C0183,P1802,2,06/04/2024,S003,Card,Completed
O0184,C0184,P1810,1,06/04/2024,S004,Online,Completed
O0185,C0185,P1825,3,07/04/2024,S001,Cash,Completed
O0186,C0186,P1830,1,07/04/2024,S002,Card,Completed
O0187,C0187,P1844,2,08/04/2024,S003,Online,Completed
O0188,C0188,P1850,1,08/04/2024,S004,Cash,Completed
O0189,C0189,P1862,2,09/04/2024,S001,Card,Completed
O0190,C0190,P1870,1,09/04/2024,S002,Online,Completed
O0191,C0191,P1885,3,10/04/2024,S003,Cash,Completed
O0192,C0192,P1890,1,10/04/2024,S004,Card,Completed
O0193,C0193,P1902,2,11/04/2024,S001,Online,Completed
O0194,C0194,P1910,1,11/04/2024,S002,Cash,Completed
O0195,C0195,P1924,2,12/04/2024,S003,Card,Completed
O0196,C0196,P1930,1,12/04/2024,S004,Online,Completed
O0197,C0197,P1945,3,13/04/2024,S001,Cash,Completed
O0198,C0198,P1950,1,13/04/2024,S002,Card,Completed
O0199,C0199,P1962,2,14/04/2024,S003,Online,Completed
O0200,C0200,P1970,1,14/04/2024,S004,Cash,Completed
O0201,C0201,P1984,2,15/04/2024,S001,Card,Completed
O0202,C0202,P1990,1,15/04/2024,S002,Online,Completed
O0203,C0203,P2002,3,16/04/2024,S003,Cash,Completed
O0204,C0204,P2010,1,16/04/2024,S004,Card,Completed
O0205,C0205,P2024,2,17/04/2024,S001,Online,Completed
O0206,C0206,P2030,1,17/04/2024,S002,Cash,Completed
O0207,C0207,P2044,2,18/04/2024,S003,Card,Completed
O0208,C0208,P2050,1,18/04/2024,S004,Online,Completed
O0209,C0209,P2062,3,19/04/2024,S001,Cash,Completed
O0210,C0210,P2070,1,19/04/2024,S002,Card,Completed
O0211,C0211,P2085,2,20/04/2024,S003,Online,Completed
O0212,C0212,P2090,1,20/04/2024,S004,Cash,Completed
O0213,C0213,P2102,2,21/04/2024,S001,Card,Completed
O0214,C0214,P2110,1,21/04/2024,S002,Online,Completed
O0215,C0215,P2124,3,22/04/2024,S003,Cash,Completed
O0216,C0216,P2130,1,22/04/2024,S004,Card,Completed
O0217,C0217,P2144,2,23/04/2024,S001,Online,Completed
O0218,C0218,P2150,1,23/04/2024,S002,Cash,Completed
O0219,C0219,P2162,2,24/04/2024,S003,Card,Completed
O0220,C0220,P2170,1,24/04/2024,S004,Online,Completed
O0221,C0221,P2185,3,25/04/2024,S001,Cash,Completed
O0222,C0222,P2190,1,25/04/2024,S002,Card,Completed
O0223,C0223,P2202,2,26/04/2024,S003,Online,Completed
O0224,C0224,P2210,1,26/04/2024,S004,Cash,Completed
O0225,C0225,P2224,2,27/04/2024,S001,Card,Completed
O0226,C0226,P2230,1,27/04/2024,S002,Online,Completed
O0227,C0227,P2244,3,28/04/2024,S003,Cash,Completed
O0228,C0228,P2250,1,28/04/2024,S004,Card,Completed
O0229,C0229,P2262,2,29/04/2024,S001,Online,Completed
O0230,C0230,P2270,1,29/04/2024,S002,Cash,Completed
O0231,C0231,P2285,2,30/04/2024,S003,Card,Completed
O0232,C0232,P2290,1,30/04/2024,S004,Online,Completed
O0233,C0233,P2302,3,01/05/2024,S001,Cash,Completed
O0234,C0234,P2310,1,01/05/2024,S002,Card,Completed
O0235,C0235,P2324,2,02/05/2024,S003,Online,Completed
O0236,C0236,P2330,1,02/05/2024,S004,Cash,Completed
O0237,C0237,P2344,2,03/05/2024,S001,Card,Completed
O0238,C0238,P2350,1,03/05/2024,S002,Online,Completed
O0239,C0239,P2362,3,04/05/2024,S003,Cash,Completed
O0240,C0240,P2370,1,04/05/2024,S004,Card,Completed
O0241,C0241,P2385,2,05/05/2024,S001,Online,Completed
O0242,C0242,P2390,1,05/05/2024,S002,Cash,Completed
O0243,C0243,P2402,2,06/05/2024,S003,Card,Completed
O0244,C0244,P2410,1,06/05/2024,S004,Online,Completed
O0245,C0245,P2424,3,07/05/2024,S001,Cash,Completed
O0246,C0246,P2430,1,07/05/2024,S002,Card,Completed
O0247,C0247,P2444,2,08/05/2024,S003,Online,Completed
O0248,C0248,P2450,1,08/05/2024,S004,Cash,Completed
O0249,C0249,P2462,2,09/05/2024,S001,Card,Completed
O0250,C0250,P2470,1,09/05/2024,S002,Online,Completed
O0251,C0251,P2485,3,10/05/2024,S003,Cash,Completed
O0252,C0252,P2490,1,10/05/2024,S004,Card,Completed
O0253,C0253,P2502,2,11/05/2024,S001,Online,Completed
O0254,C0254,P2510,1,11/05/2024,S002,Cash,Completed
O0255,C0255,P2524,2,12/05/2024,S003,Card,Completed
O0256,C0256,P2530,1,12/05/2024,S004,Online,Completed
O0257,C0257,P2544,3,13/05/2024,S001,Cash,Completed
O0258,C0258,P2550,1,13/05/2024,S002,Card,Completed
O0259,C0259,P2562,2,14/05/2024,S003,Online,Completed
O0260,C0260,P2570,1,14/05/2024,S004,Cash,Completed
O0261,C0261,P2585,2,15/05/2024,S001,Card,Completed
O0262,C0262,P2590,1,15/05/2024,S002,Online,Completed
O0263,C0263,P2602,3,16/05/2024,S003,Cash,Completed
O0264,C0264,P2610,1,16/05/2024,S004,Card,Completed
O0265,C0265,P2624,2,17/05/2024,S001,Online,Completed
O0266,C0266,P2630,1,17/05/2024,S002,Cash,Completed
O0267,C0267,P2644,2,18/05/2024,S003,Card,Completed
O0268,C0268,P2650,1,18/05/2024,S004,Online,Completed
O0269,C0269,P2662,3,19/05/2024,S001,Cash,Completed
O0270,C0270,P2670,1,19/05/2024,S002,Card,Completed
O0271,C0271,P2685,2,20/05/2024,S003,Online,Completed
O0272,C0272,P2690,1,20/05/2024,S004,Cash,Completed
O0273,C0273,P2702,2,21/05/2024,S001,Card,Completed
O0274,C0274,P2710,1,21/05/2024,S002,Online,Completed
O0275,C0275,P2724,3,22/05/2024,S003,Cash,Completed
O0276,C0276,P2730,1,22/05/2024,S004,Card,Completed
O0277,C0277,P2744,2,23/05/2024,S001,Online,Completed
O0278,C0278,P2750,1,23/05/2024,S002,Cash,Completed
O0279,C0279,P2762,2,24/05/2024,S003,Card,Completed
O0280,C0280,P2770,1,24/05/2024,S004,Online,Completed
O0281,C0281,P2785,3,25/05/2024,S001,Cash,Completed
O0282,C0282,P2790,1,25/05/2024,S002,Card,Completed
O0283,C0283,P2802,2,26/05/2024,S003,Online,Completed
O0284,C0284,P2810,1,26/05/2024,S004,Cash,Completed
O0285,C0285,P2824,2,27/05/2024,S001,Card,Completed
O0286,C0286,P2830,1,27/05/2024,S002,Online,Completed
O0287,C0287,P2844,3,28/05/2024,S003,Cash,Completed
O0288,C0288,P2850,1,28/05/2024,S004,Card,Completed
O0289,C0289,P2862,2,29/05/2024,S001,Online,Completed
O0290,C0290,P2870,1,29/05/2024,S002,Cash,Completed
O0291,C0291,P2885,2,30/05/2024,S003,Card,Completed
O0292,C0292,P2890,1,30/05/2024,S004,Online,Completed
O0293,C0293,P2902,3,31/05/2024,S001,Cash,Completed
O0294,C0294,P2910,1,31/05/2024,S002,Card,Completed
O0295,C0295,P2924,2,01/06/2024,S003,Online,Completed
O0296,C0296,P2930,1,01/06/2024,S004,Cash,Completed
O0297,C0297,P2944,2,02/06/2024,S001,Card,Completed
O0298,C0298,P2950,1,02/06/2024,S002,Online,Completed
O0299,C0299,P2962,3,03/06/2024,S003,Cash,Completed
O0300,C0300,P2970,1,03/06/2024,S004,Card,Completed
O0301,C0301,P2975,2,04/06/2024,S001,Online,Completed
O0302,C0302,P2980,1,04/06/2024,S002,Cash,Completed
O0303,C0303,P2991,2,05/06/2024,S003,Card,Completed
O0304,C0304,P3005,1,05/06/2024,S004,Online,Completed
O0305,C0305,P3010,3,06/06/2024,S001,Cash,Completed
O0306,C0306,P3024,1,06/06/2024,S002,Card,Completed
O0307,C0307,P3030,2,07/06/2024,S003,Online,Completed
O0308,C0308,P3044,1,07/06/2024,S004,Cash,Completed
O0309,C0309,P3050,2,08/06/2024,S001,Card,Completed
O0310,C0310,P3062,1,08/06/2024,S002,Online,Completed
O0311,C0311,P3075,3,09/06/2024,S003,Cash,Completed
O0312,C0312,P3080,1,09/06/2024,S004,Card,Completed
O0313,C0313,P3091,2,10/06/2024,S001,Online,Completed
O0314,C0314,P3105,1,10/06/2024,S002,Cash,Completed
O0315,C0315,P3110,2,11/06/2024,S003,Card,Completed
O0316,C0316,P3124,1,11/06/2024,S004,Online,Completed
O0317,C0317,P3130,3,12/06/2024,S001,Cash,Completed
O0318,C0318,P3142,1,12/06/2024,S002,Card,Completed
O0319,C0319,P3150,2,13/06/2024,S003,Online,Completed
O0320,C0320,P3165,1,13/06/2024,S004,Cash,Completed
O0321,C0321,P3170,2,14/06/2024,S001,Card,Completed
O0322,C0322,P3184,1,14/06/2024,S002,Online,Completed
O0323,C0323,P3190,3,15/06/2024,S003,Cash,Completed
O0324,C0324,P3205,1,15/06/2024,S004,Card,Completed
O0325,C0325,P3210,2,16/06/2024,S001,Online,Completed
O0326,C0326,P3224,1,16/06/2024,S002,Cash,Completed
O0327,C0327,P3230,2,17/06/2024,S003,Card,Completed
O0328,C0328,P3244,1,17/06/2024,S004,Online,Completed
O0329,C0329,P3250,3,18/06/2024,S001,Cash,Completed
O0330,C0330,P3262,1,18/06/2024,S002,Card,Completed
O0331,C0331,P3275,2,19/06/2024,S003,Online,Completed
O0332,C0332,P3280,1,19/06/2024,S004,Cash,Completed
O0333,C0333,P3291,2,20/06/2024,S001,Card,Completed
O0334,C0334,P3305,1,20/06/2024,S002,Online,Completed
O0335,C0335,P3310,3,21/06/2024,S003,Cash,Completed
O0336,C0336,P3324,1,21/06/2024,S004,Card,Completed
O0337,C0337,P3330,2,22/06/2024,S001,Online,Completed
O0338,C0338,P3344,1,22/06/2024,S002,Cash,Completed
O0339,C0339,P3350,2,23/06/2024,S003,Card,Completed
O0340,C0340,P3362,1,23/06/2024,S004,Online,Completed
O0341,C0341,P3375,3,24/06/2024,S001,Cash,Completed
O0342,C0342,P3380,1,24/06/2024,S002,Card,Completed
O0343,C0343,P3391,2,25/06/2024,S003,Online,Completed
O0344,C0344,P3405,1,25/06/2024,S004,Cash,Completed
O0345,C0345,P3410,2,26/06/2024,S001,Card,Completed
O0346,C0346,P3424,1,26/06/2024,S002,Online,Completed
O0347,C0347,P3430,3,27/06/2024,S003,Cash,Completed
O0348,C0348,P3444,1,27/06/2024,S004,Card,Completed
O0349,C0349,P3450,2,28/06/2024,S001,Online,Completed
O0350,C0350,P3462,1,28/06/2024,S002,Cash,Completed
O0351,C0351,P3475,2,29/06/2024,S003,Card,Completed
O0352,C0352,P3480,1,29/06/2024,S004,Online,Completed
O0353,C0353,P3491,3,30/06/2024,S001,Cash,Completed
O0354,C0354,P3505,1,30/06/2024,S002,Card,Completed
O0355,C0355,P3510,2,01/07/2024,S003,Online,Completed
O0356,C0356,P3524,1,01/07/2024,S004,Cash,Completed
O0357,C0357,P3530,2,02/07/2024,S001,Card,Completed
O0358,C0358,P3544,1,02/07/2024,S002,Online,Completed
O0359,C0359,P3550,3,03/07/2024,S003,Cash,Completed
O0360,C0360,P3562,1,03/07/2024,S004,Card,Completed
O0361,C0361,P3575,2,04/07/2024,S001,Online,Completed
O0362,C0362,P3580,1,04/07/2024,S002,Cash,Completed
O0363,C0363,P3591,2,05/07/2024,S003,Card,Completed
O0364,C0364,P3605,1,05/07/2024,S004,Online,Completed
O0365,C0365,P3610,3,06/07/2024,S001,Cash,Completed
O0366,C0366,P3624,1,06/07/2024,S002,Card,Completed
O0367,C0367,P3630,2,07/07/2024,S003,Online,Completed
O0368,C0368,P3644,1,07/07/2024,S004,Cash,Completed
O0369,C0369,P3650,2,08/07/2024,S001,Card,Completed
O0370,C0370,P3662,1,08/07/2024,S002,Online,Completed
O0371,C0371,P3675,3,09/07/2024,S003,Cash,Completed
O0372,C0372,P3680,1,09/07/2024,S004,Card,Completed
O0373,C0373,P3691,2,10/07/2024,S001,Online,Completed
O0374,C0374,P3705,1,10/07/2024,S002,Cash,Completed
O0375,C0375,P3710,2,11/07/2024,S003,Card,Completed
O0376,C0376,P3724,1,11/07/2024,S004,Online,Completed
O0377,C0377,P3730,3,12/07/2024,S001,Cash,Completed
O0378,C0378,P3744,1,12/07/2024,S002,Card,Completed
O0379,C0379,P3750,2,13/07/2024,S003,Online,Completed
O0380,C0380,P3762,1,13/07/2024,S004,Cash,Completed
O0381,C0381,P3775,2,14/07/2024,S001,Card,Completed
O0382,C0382,P3780,1,14/07/2024,S002,Online,Completed
O0383,C0383,P3791,3,15/07/2024,S003,Cash,Completed
O0384,C0384,P3805,1,15/07/2024,S004,Card,Completed
O0385,C0385,P3810,2,16/07/2024,S001,Online,Completed
O0386,C0386,P3824,1,16/07/2024,S002,Cash,Completed
O0387,C0387,P3830,2,17/07/2024,S003,Card,Completed
O0388,C0388,P3844,1,17/07/2024,S004,Online,Completed
O0389,C0389,P3850,3,18/07/2024,S001,Cash,Completed
O0390,C0390,P3862,1,18/07/2024,S002,Card,Completed
O0391,C0391,P3875,2,19/07/2024,S003,Online,Completed
O0392,C0392,P3880,1,19/07/2024,S004,Cash,Completed
O0393,C0393,P3891,2,20/07/2024,S001,Card,Completed
O0394,C0394,P3905,1,20/07/2024,S002,Online,Completed
O0395,C0395,P3910,3,21/07/2024,S003,Cash,Completed
O0396,C0396,P3924,1,21/07/2024,S004,Card,Completed
O0397,C0397,P3930,2,22/07/2024,S001,Online,Completed
O0398,C0398,P3944,1,22/07/2024,S002,Cash,Completed
O0399,C0399,P3950,2,23/07/2024,S003,Card,Completed
O0400,C0400,P3962,1,23/07/2024,S004,Online,Completed
O0401,C0401,P3975,3,24/07/2024,S001,Cash,Completed
O0402,C0402,P3980,1,24/07/2024,S002,Card,Completed
O0403,C0403,P3991,2,25/07/2024,S003,Online,Completed
O0404,C0404,P4005,1,25/07/2024,S004,Cash,Completed
O0405,C0405,P4010,2,26/07/2024,S001,Card,Completed
O0406,C0406,P4024,1,26/07/2024,S002,Online,Completed
O0407,C0407,P4030,3,27/07/2024,S003,Cash,Completed
O0408,C0408,P4044,1,27/07/2024,S004,Card,Completed
O0409,C0409,P4050,2,28/07/2024,S001,Online,Completed
O0410,C0410,P4062,1,28/07/2024,S002,Cash,Completed
O0411,C0411,P4075,2,29/07/2024,S003,Card,Completed
O0412,C0412,P4080,1,29/07/2024,S004,Online,Completed
O0413,C0413,P4091,3,30/07/2024,S001,Cash,Completed
O0414,C0414,P4105,1,30/07/2024,S002,Card,Completed
O0415,C0415,P4110,2,31/07/2024,S003,Online,Completed
O0416,C0416,P4124,1,31/07/2024,S004,Cash,Completed
O0417,C0417,P4130,2,01/08/2024,S001,Card,Completed
O0418,C0418,P4144,1,01/08/2024,S002,Online,Completed
O0419,C0419,P4150,3,02/08/2024,S003,Cash,Completed
O0420,C0420,P4162,1,02/08/2024,S004,Card,Completed
O0421,C0421,P4175,2,03/08/2024,S001,Online,Completed
O0422,C0422,P4180,1,03/08/2024,S002,Cash,Completed
O0423,C0423,P4191,2,04/08/2024,S003,Card,Completed
O0424,C0424,P4205,1,04/08/2024,S004,Online,Completed
O0425,C0425,P4210,3,05/08/2024,S001,Cash,Completed
O0426,C0426,P4224,1,05/08/2024,S002,Card,Completed
O0427,C0427,P4230,2,06/08/2024,S003,Online,Completed
O0428,C0428,P4244,1,06/08/2024,S004,Cash,Completed
O0429,C0429,P4250,2,07/08/2024,S001,Card,Completed
O0430,C0430,P4262,1,07/08/2024,S002,Online,Completed
O0431,C0431,P4275,3,08/08/2024,S003,Cash,Completed
O0432,C0432,P4280,1,08/08/2024,S004,Card,Completed
O0433,C0433,P4291,2,09/08/2024,S001,Online,Completed
O0434,C0434,P4305,1,09/08/2024,S002,Cash,Completed
O0435,C0435,P4310,2,10/08/2024,S003,Card,Completed
O0436,C0436,P4324,1,10/08/2024,S004,Online,Completed
O0437,C0437,P4330,3,11/08/2024,S001,Cash,Completed
O0438,C0438,P4344,1,11/08/2024,S002,Card,Completed
O0439,C0439,P4350,2,12/08/2024,S003,Online,Completed
O0440,C0440,P4362,1,12/08/2024,S004,Cash,Completed
O0441,C0441,P4375,2,13/08/2024,S001,Card,Completed
O0442,C0442,P4380,1,13/08/2024,S002,Online,Completed
O0443,C0443,P4391,3,14/08/2024,S003,Cash,Completed
O0444,C0444,P4405,1,14/08/2024,S004,Card,Completed
O0445,C0445,P4410,2,15/08/2024,S001,Online,Completed
O0446,C0446,P4424,1,15/08/2024,S002,Cash,Completed
O0447,C0447,P4430,2,16/08/2024,S003,Card,Completed
O0448,C0448,P4444,1,16/08/2024,S004,Online,Completed
O0449,C0449,P4450,3,17/08/2024,S001,Cash,Completed
O0450,C0450,P4462,1,17/08/2024,S002,Card,Completed
O0451,C0451,P4468,2,18/08/2024,S003,Online,Completed
O0452,C0452,P4475,1,18/08/2024,S004,Cash,Completed
O0453,C0453,P4480,2,19/08/2024,S001,Card,Completed
O0454,C0454,P4491,1,19/08/2024,S002,Online,Completed
O0455,C0455,P4505,3,20/08/2024,S003,Cash,Completed
O0456,C0456,P4510,1,20/08/2024,S004,Card,Completed
O0457,C0457,P4524,2,21/08/2024,S001,Online,Completed
O0458,C0458,P4530,1,21/08/2024,S002,Cash,Completed
O0459,C0459,P4544,2,22/08/2024,S003,Card,Completed
O0460,C0460,P4550,1,22/08/2024,S004,Online,Completed
O0461,C0461,P4562,3,23/08/2024,S001,Cash,Completed
O0462,C0462,P4570,1,23/08/2024,S002,Card,Completed
O0463,C0463,P4585,2,24/08/2024,S003,Online,Completed
O0464,C0464,P4590,1,24/08/2024,S004,Cash,Completed
O0465,C0465,P4602,2,25/08/2024,S001,Card,Completed
O0466,C0466,P4610,1,25/08/2024,S002,Online,Completed
O0467,C0467,P4624,3,26/08/2024,S003,Cash,Completed
O0468,C0468,P4630,1,26/08/2024,S004,Card,Completed
O0469,C0469,P4644,2,27/08/2024,S001,Online,Completed
O0470,C0470,P4650,1,27/08/2024,S002,Cash,Completed
O0471,C0471,P4662,2,28/08/2024,S003,Card,Completed
O0472,C0472,P4670,1,28/08/2024,S004,Online,Completed
O0473,C0473,P4685,3,29/08/2024,S001,Cash,Completed
O0474,C0474,P4690,1,29/08/2024,S002,Card,Completed
O0475,C0475,P4702,2,30/08/2024,S003,Online,Completed
O0476,C0476,P4710,1,30/08/2024,S004,Cash,Completed
O0477,C0477,P4724,2,31/08/2024,S001,Card,Completed
O0478,C0478,P4730,1,31/08/2024,S002,Online,Completed
O0479,C0479,P4744,3,01/09/2024,S003,Cash,Completed
O0480,C0480,P4750,1,01/09/2024,S004,Card,Completed
O0481,C0481,P4762,2,02/09/2024,S001,Online,Completed
O0482,C0482,P4770,1,02/09/2024,S002,Cash,Completed
O0483,C0483,P4785,2,03/09/2024,S003,Card,Completed
O0484,C0484,P4790,1,03/09/2024,S004,Online,Completed
O0485,C0485,P4802,3,04/09/2024,S001,Cash,Completed
O0486,C0486,P4810,1,04/09/2024,S002,Card,Completed
O0487,C0487,P4824,2,05/09/2024,S003,Online,Completed
O0488,C0488,P4830,1,05/09/2024,S004,Cash,Completed
O0489,C0489,P4844,2,06/09/2024,S001,Card,Completed
O0490,C0490,P4850,1,06/09/2024,S002,Online,Completed
O0491,C0491,P4862,3,07/09/2024,S003,Cash,Completed
O0492,C0492,P4870,1,07/09/2024,S004,Card,Completed
O0493,C0493,P4885,2,08/09/2024,S001,Online,Completed
O0494,C0494,P4890,1,08/09/2024,S002,Cash,Completed
O0495,C0495,P4902,2,09/09/2024,S003,Card,Completed
O0496,C0496,P4910,1,09/09/2024,S004,Online,Completed
O0497,C0497,P4924,3,10/09/2024,S001,Cash,Completed
O0498,C0498,P4930,1,10/09/2024,S002,Card,Completed
O0499,C0499,P4944,2,11/09/2024,S003,Online,Completed
O0500,C0500,P4950,1,11/09/2024,S004,Cash,Completed
O0501,C0501,P4962,2,12/09/2024,S001,Card,Completed
O0502,C0502,P4970,1,12/09/2024,S002,Online,Completed
O0503,C0503,P4985,3,13/09/2024,S003,Cash,Completed
O0504,C0504,P4990,1,13/09/2024,S004,Card,Completed
O0505,C0505,P5002,2,14/09/2024,S001,Online,Completed
O0506,C0506,P5010,1,14/09/2024,S002,Cash,Completed
O0507,C0507,P5024,2,15/09/2024,S003,Card,Completed
O0508,C0508,P5030,1,15/09/2024,S004,Online,Completed
O0509,C0509,P5044,3,16/09/2024,S001,Cash,Completed
O0510,C0510,P5050,1,16/09/2024,S002,Card,Completed
O0511,C0511,P5062,2,17/09/2024,S003,Online,Completed
O0512,C0512,P5070,1,17/09/2024,S004,Cash,Completed
O0513,C0513,P5085,2,18/09/2024,S001,Card,Completed
O0514,C0514,P5090,1,18/09/2024,S002,Online,Completed
O0515,C0515,P5102,3,19/09/2024,S003,Cash,Completed
O0516,C0516,P5110,1,19/09/2024,S004,Card,Completed
O0517,C0517,P5124,2,20/09/2024,S001,Online,Completed
O0518,C0518,P5130,1,20/09/2024,S002,Cash,Completed
O0519,C0519,P5144,2,21/09/2024,S003,Card,Completed
O0520,C0520,P5150,1,21/09/2024,S004,Online,Completed
O0521,C0521,P5162,3,22/09/2024,S001,Cash,Completed
O0522,C0522,P5170,1,22/09/2024,S002,Card,Completed
O0523,C0523,P5185,2,23/09/2024,S003,Online,Completed
O0524,C0524,P5190,1,23/09/2024,S004,Cash,Completed
O0525,C0525,P5202,2,24/09/2024,S001,Card,Completed
O0526,C0526,P5210,1,24/09/2024,S002,Online,Completed
O0527,C0527,P5224,3,25/09/2024,S003,Cash,Completed
O0528,C0528,P5230,1,25/09/2024,S004,Card,Completed
O0529,C0529,P5244,2,26/09/2024,S001,Online,Completed
O0530,C0530,P5250,1,26/09/2024,S002,Cash,Completed
O0531,C0531,P5262,2,27/09/2024,S003,Card,Completed
O0532,C0532,P5270,1,27/09/2024,S004,Online,Completed
O0533,C0533,P5285,3,28/09/2024,S001,Cash,Completed
O0534,C0534,P5290,1,28/09/2024,S002,Card,Completed
O0535,C0535,P5302,2,29/09/2024,S003,Online,Completed
O0536,C0536,P5310,1,29/09/2024,S004,Cash,Completed
O0537,C0537,P5324,2,30/09/2024,S001,Card,Completed
O0538,C0538,P5330,1,30/09/2024,S002,Online,Completed
O0539,C0539,P5344,3,01/10/2024,S003,Cash,Completed
O0540,C0540,P5350,1,01/10/2024,S004,Card,Completed
O0541,C0541,P5362,2,02/10/2024,S001,Online,Completed
O0542,C0542,P5370,1,02/10/2024,S002,Cash,Completed
O0543,C0543,P5385,2,03/10/2024,S003,Card,Completed
O0544,C0544,P5390,1,03/10/2024,S004,Online,Completed
O0545,C0545,P5402,3,04/10/2024,S001,Cash,Completed
O0546,C0546,P5410,1,04/10/2024,S002,Card,Completed
O0547,C0547,P5424,2,05/10/2024,S003,Online,Completed
O0548,C0548,P5430,1,05/10/2024,S004,Cash,Completed
O0549,C0549,P5444,2,06/10/2024,S001,Card,Completed
O0550,C0550,P5450,1,06/10/2024,S002,Online,Completed
O0551,C0551,P5462,3,07/10/2024,S003,Cash,Completed
O0552,C0552,P5470,1,07/10/2024,S004,Card,Completed
O0553,C0553,P5485,2,08/10/2024,S001,Online,Completed
O0554,C0554,P5490,1,08/10/2024,S002,Cash,Completed
O0555,C0555,P5502,2,09/10/2024,S003,Card,Completed
O0556,C0556,P5510,1,09/10/2024,S004,Online,Completed
O0557,C0557,P5524,3,10/10/2024,S001,Cash,Completed
O0558,C0558,P5530,1,10/10/2024,S002,Card,Completed
O0559,C0559,P5544,2,11/10/2024,S003,Online,Completed
O0560,C0560,P5550,1,11/10/2024,S004,Cash,Completed
O0561,C0561,P5562,2,12/10/2024,S001,Card,Completed
O0562,C0562,P5570,1,12/10/2024,S002,Online,Completed
O0563,C0563,P5585,3,13/10/2024,S003,Cash,Completed
O0564,C0564,P5590,1,13/10/2024,S004,Card,Completed
O0565,C0565,P5602,2,14/10/2024,S001,Online,Completed
O0566,C0566,P5610,1,14/10/2024,S002,Cash,Completed
O0567,C0567,P5624,2,15/10/2024,S003,Card,Completed
O0568,C0568,P5630,1,15/10/2024,S004,Online,Completed
O0569,C0569,P5644,3,16/10/2024,S001,Cash,Completed
O0570,C0570,P5650,1,16/10/2024,S002,Card,Completed
O0571,C0571,P5662,2,17/10/2024,S003,Online,Completed
O0572,C0572,P5670,1,17/10/2024,S004,Cash,Completed
O0573,C0573,P5685,2,18/10/2024,S001,Card,Completed
O0574,C0574,P5690,1,18/10/2024,S002,Online,Completed
O0575,C0575,P5702,3,19/10/2024,S003,Cash,Completed
O0576,C0576,P5710,1,19/10/2024,S004,Card,Completed
O0577,C0577,P5724,2,20/10/2024,S001,Online,Completed
O0578,C0578,P5730,1,20/10/2024,S002,Cash,Completed
O0579,C0579,P5744,2,21/10/2024,S003,Card,Completed
O0580,C0580,P5750,1,21/10/2024,S004,Online,Completed
O0581,C0581,P5762,3,22/10/2024,S001,Cash,Completed
O0582,C0582,P5770,1,22/10/2024,S002,Card,Completed
O0583,C0583,P5785,2,23/10/2024,S003,Online,Completed
O0584,C0584,P5790,1,23/10/2024,S004,Cash,Completed
O0585,C0585,P5802,2,24/10/2024,S001,Card,Completed
O0586,C0586,P5810,1,24/10/2024,S002,Online,Completed
O0587,C0587,P5824,3,25/10/2024,S003,Cash,Completed
O0588,C0588,P5830,1,25/10/2024,S004,Card,Completed
O0589,C0589,P5844,2,26/10/2024,S001,Online,Completed
O0590,C0590,P5850,1,26/10/2024,S002,Cash,Completed
O0591,C0591,P5862,2,27/10/2024,S003,Card,Completed
O0592,C0592,P5870,1,27/10/2024,S004,Online,Completed
O0593,C0593,P5885,3,28/10/2024,S001,Cash,Completed
O0594,C0594,P5890,1,28/10/2024,S002,Card,Completed
O0595,C0595,P5902,2,29/10/2024,S003,Online,Completed
O0596,C0596,P5910,1,29/10/2024,S004,Cash,Completed
O0597,C0597,P5924,2,30/10/2024,S001,Card,Completed
O0598,C0598,P5930,1,30/10/2024,S002,Online,Completed
O0599,C0599,P5944,3,31/10/2024,S003,Cash,Completed
O0600,C0600,P5950,1,31/10/2024,S004,Card,Completed
O0601,C0601,P5955,2,01/11/2024,S001,Online,Completed
O0602,C0602,P5960,1,01/11/2024,S002,Cash,Completed
O0603,C0603,P5971,2,02/11/2024,S003,Card,Completed
O0604,C0604,P5985,1,02/11/2024,S004,Online,Completed
O0605,C0605,P5990,3,03/11/2024,S001,Cash,Completed
O0606,C0606,P6004,1,03/11/2024,S002,Card,Completed
O0607,C0607,P6010,2,04/11/2024,S003,Online,Completed
O0608,C0608,P6024,1,04/11/2024,S004,Cash,Completed
O0609,C0609,P6030,2,05/11/2024,S001,Card,Completed
O0610,C0610,P6044,1,05/11/2024,S002,Online,Completed
O0611,C0611,P6050,3,06/11/2024,S003,Cash,Completed
O0612,C0612,P6062,1,06/11/2024,S004,Card,Completed
O0613,C0613,P6075,2,07/11/2024,S001,Online,Completed
O0614,C0614,P6080,1,07/11/2024,S002,Cash,Completed
O0615,C0615,P6091,2,08/11/2024,S003,Card,Completed
O0616,C0616,P6105,1,08/11/2024,S004,Online,Completed
O0617,C0617,P6110,3,09/11/2024,S001,Cash,Completed
O0618,C0618,P6124,1,09/11/2024,S002,Card,Completed
O0619,C0619,P6130,2,10/11/2024,S003,Online,Completed
O0620,C0620,P6144,1,10/11/2024,S004,Cash,Completed
O0621,C0621,P6150,2,11/11/2024,S001,Card,Completed
O0622,C0622,P6162,1,11/11/2024,S002,Online,Completed
O0623,C0623,P6175,3,12/11/2024,S003,Cash,Completed
O0624,C0624,P6180,1,12/11/2024,S004,Card,Completed
O0625,C0625,P6191,2,13/11/2024,S001,Online,Completed
O0626,C0626,P6205,1,13/11/2024,S002,Cash,Completed
O0627,C0627,P6210,2,14/11/2024,S003,Card,Completed
O0628,C0628,P6224,1,14/11/2024,S004,Online,Completed
O0629,C0629,P6230,3,15/11/2024,S001,Cash,Completed
O0630,C0630,P6244,1,15/11/2024,S002,Card,Completed
O0631,C0631,P6250,2,16/11/2024,S003,Online,Completed
O0632,C0632,P6262,1,16/11/2024,S004,Cash,Completed
O0633,C0633,P6275,2,17/11/2024,S001,Card,Completed
O0634,C0634,P6280,1,17/11/2024,S002,Online,Completed
O0635,C0635,P6291,3,18/11/2024,S003,Cash,Completed
O0636,C0636,P6305,1,18/11/2024,S004,Card,Completed
O0637,C0637,P6310,2,19/11/2024,S001,Online,Completed
O0638,C0638,P6324,1,19/11/2024,S002,Cash,Completed
O0639,C0639,P6330,2,20/11/2024,S003,Card,Completed
O0640,C0640,P6344,1,20/11/2024,S004,Online,Completed
O0641,C0641,P6350,3,21/11/2024,S001,Cash,Completed
O0642,C0642,P6362,1,21/11/2024,S002,Card,Completed
O0643,C0643,P6375,2,22/11/2024,S003,Online,Completed
O0644,C0644,P6380,1,22/11/2024,S004,Cash,Completed
O0645,C0645,P6391,2,23/11/2024,S001,Card,Completed
O0646,C0646,P6405,1,23/11/2024,S002,Online,Completed
O0647,C0647,P6410,3,24/11/2024,S003,Cash,Completed
O0648,C0648,P6424,1,24/11/2024,S004,Card,Completed
O0649,C0649,P6430,2,25/11/2024,S001,Online,Completed
O0650,C0650,P6444,1,25/11/2024,S002,Cash,Completed
O0651,C0651,P6450,2,26/11/2024,S003,Card,Completed
O0652,C0652,P6462,1,26/11/2024,S004,Online,Completed
O0653,C0653,P6475,3,27/11/2024,S001,Cash,Completed
O0654,C0654,P6480,1,27/11/2024,S002,Card,Completed
O0655,C0655,P6491,2,28/11/2024,S003,Online,Completed
O0656,C0656,P6505,1,28/11/2024,S004,Cash,Completed
O0657,C0657,P6510,2,29/11/2024,S001,Card,Completed
O0658,C0658,P6524,1,29/11/2024,S002,Online,Completed
O0659,C0659,P6530,3,30/11/2024,S003,Cash,Completed
O0660,C0660,P6544,1,30/11/2024,S004,Card,Completed
O0661,C0661,P6550,2,01/12/2024,S001,Online,Completed
O0662,C0662,P6562,1,01/12/2024,S002,Cash,Completed
O0663,C0663,P6575,2,02/12/2024,S003,Card,Completed
O0664,C0664,P6580,1,02/12/2024,S004,Online,Completed
O0665,C0665,P6591,3,03/12/2024,S001,Cash,Completed
O0666,C0666,P6605,1,03/12/2024,S002,Card,Completed
O0667,C0667,P6610,2,04/12/2024,S003,Online,Completed
O0668,C0668,P6624,1,04/12/2024,S004,Cash,Completed
O0669,C0669,P6630,2,05/12/2024,S001,Card,Completed
O0670,C0670,P6644,1,05/12/2024,S002,Online,Completed
O0671,C0671,P6650,3,06/12/2024,S003,Cash,Completed
O0672,C0672,P6662,1,06/12/2024,S004,Card,Completed
O0673,C0673,P6675,2,07/12/2024,S001,Online,Completed
O0674,C0674,P6680,1,07/12/2024,S002,Cash,Completed
O0675,C0675,P6691,2,08/12/2024,S003,Card,Completed
O0676,C0676,P6705,1,08/12/2024,S004,Online,Completed
O0677,C0677,P6710,3,09/12/2024,S001,Cash,Completed
O0678,C0678,P6724,1,09/12/2024,S002,Card,Completed
O0679,C0679,P6730,2,10/12/2024,S003,Online,Completed
O0680,C0680,P6744,1,10/12/2024,S004,Cash,Completed
O0681,C0681,P6750,2,11/12/2024,S001,Card,Completed
O0682,C0682,P6762,1,11/12/2024,S002,Online,Completed
O0683,C0683,P6775,3,12/12/2024,S003,Cash,Completed
O0684,C0684,P6780,1,12/12/2024,S004,Card,Completed
O0685,C0685,P6791,2,13/12/2024,S001,Online,Completed
O0686,C0686,P6805,1,13/12/2024,S002,Cash,Completed
O0687,C0687,P6810,2,14/12/2024,S003,Card,Completed
O0688,C0688,P6824,1,14/12/2024,S004,Online,Completed
O0689,C0689,P6830,3,15/12/2024,S001,Cash,Completed
O0690,C0690,P6844,1,15/12/2024,S002,Card,Completed
O0691,C0691,P6850,2,16/12/2024,S003,Online,Completed
O0692,C0692,P6862,1,16/12/2024,S004,Cash,Completed
O0693,C0693,P6875,2,17/12/2024,S001,Card,Completed
O0694,C0694,P6880,1,17/12/2024,S002,Online,Completed
O0695,C0695,P6891,3,18/12/2024,S003,Cash,Completed
O0696,C0696,P6905,1,18/12/2024,S004,Card,Completed
O0697,C0697,P6910,2,19/12/2024,S001,Online,Completed
O0698,C0698,P6924,1,19/12/2024,S002,Cash,Completed
O0699,C0699,P6930,2,20/12/2024,S003,Card,Completed
O0700,C0700,P6944,1,20/12/2024,S004,Online,Completed
O0701,C0701,P6950,3,21/12/2024,S001,Cash,Completed
O0702,C0702,P6962,1,21/12/2024,S002,Card,Completed
O0703,C0703,P6975,2,22/12/2024,S003,Online,Completed
O0704,C0704,P6980,1,22/12/2024,S004,Cash,Completed
O0705,C0705,P6991,2,23/12/2024,S001,Card,Completed
O0706,C0706,P7005,1,23/12/2024,S002,Online,Completed
O0707,C0707,P7010,3,24/12/2024,S003,Cash,Completed
O0708,C0708,P7024,1,24/12/2024,S004,Card,Completed
O0709,C0709,P7030,2,25/12/2024,S001,Online,Completed
O0710,C0710,P7044,1,25/12/2024,S002,Cash,Completed
O0711,C0711,P7050,2,26/12/2024,S003,Card,Completed
O0712,C0712,P7062,1,26/12/2024,S004,Online,Completed
O0713,C0713,P7075,3,27/12/2024,S001,Cash,Completed
O0714,C0714,P7080,1,27/12/2024,S002,Card,Completed
O0715,C0715,P7091,2,28/12/2024,S003,Online,Completed
O0716,C0716,P7105,1,28/12/2024,S004,Cash,Completed
O0717,C0717,P7110,2,29/12/2024,S001,Card,Completed
O0718,C0718,P7124,1,29/12/2024,S002,Online,Completed
O0719,C0719,P7130,3,30/12/2024,S003,Cash,Completed
O0720,C0720,P7144,1,30/12/2024,S004,Card,Completed
O0721,C0721,P7150,2,31/12/2024,S001,Online,Completed
O0722,C0722,P7162,1,31/12/2024,S002,Cash,Completed
O0723,C0723,P7175,2,01/01/2025,S003,Card,Completed
O0724,C0724,P7180,1,01/01/2025,S004,Online,Completed
O0725,C0725,P7191,3,02/01/2025,S001,Cash,Completed
O0726,C0726,P7205,1,02/01/2025,S002,Card,Completed
O0727,C0727,P7210,2,03/01/2025,S003,Online,Completed
O0728,C0728,P7224,1,03/01/2025,S004,Cash,Completed
O0729,C0729,P7230,2,04/01/2025,S001,Card,Completed
O0730,C0730,P7244,1,04/01/2025,S002,Online,Completed
O0731,C0731,P7250,3,05/01/2025,S003,Cash,Completed
O0732,C0732,P7262,1,05/01/2025,S004,Card,Completed
O0733,C0733,P7275,2,06/01/2025,S001,Online,Completed
O0734,C0734,P7280,1,06/01/2025,S002,Cash,Completed
O0735,C0735,P7291,2,07/01/2025,S003,Card,Completed
O0736,C0736,P7305,1,07/01/2025,S004,Online,Completed
O0737,C0737,P7310,3,08/01/2025,S001,Cash,Completed
O0738,C0738,P7324,1,08/01/2025,S002,Card,Completed
O0739,C0739,P7330,2,09/01/2025,S003,Online,Completed
O0740,C0740,P7344,1,09/01/2025,S004,Cash,Completed
O0741,C0741,P7350,2,10/01/2025,S001,Card,Completed
O0742,C0742,P7362,1,10/01/2025,S002,Online,Completed
O0743,C0743,P7375,3,11/01/2025,S003,Cash,Completed
O0744,C0744,P7380,1,11/01/2025,S004,Card,Completed
O0745,C0745,P7391,2,12/01/2025,S001,Online,Completed
O0746,C0746,P7405,1,12/01/2025,S002,Cash,Completed
O0747,C0747,P7410,2,13/01/2025,S003,Card,Completed
O0748,C0748,P7424,1,13/01/2025,S004,Online,Completed
O0749,C0749,P7430,3,14/01/2025,S001,Cash,Completed
O0750,C0750,P7444,1,14/01/2025,S002,Card,Completed
O0751,C0751,P7448,2,15/01/2025,S003,Online,Completed
O0752,C0752,P7455,1,15/01/2025,S004,Cash,Completed
O0753,C0753,P7460,2,16/01/2025,S001,Card,Completed
O0754,C0754,P7471,1,16/01/2025,S002,Online,Completed
O0755,C0755,P7485,3,17/01/2025,S003,Cash,Completed
O0756,C0756,P7490,1,17/01/2025,S004,Card,Completed
O0757,C0757,P7504,2,18/01/2025,S001,Online,Completed
O0758,C0758,P7510,1,18/01/2025,S002,Cash,Completed
O0759,C0759,P7524,2,19/01/2025,S003,Card,Completed
O0760,C0760,P7530,1,19/01/2025,S004,Online,Completed
O0761,C0761,P7542,3,20/01/2025,S001,Cash,Completed
O0762,C0762,P7550,1,20/01/2025,S002,Card,Completed
O0763,C0763,P7565,2,21/01/2025,S003,Online,Completed
O0764,C0764,P7570,1,21/01/2025,S004,Cash,Completed
O0765,C0765,P7582,2,22/01/2025,S001,Card,Completed
O0766,C0766,P7590,1,22/01/2025,S002,Online,Completed
O0767,C0767,P7604,3,23/01/2025,S003,Cash,Completed
O0768,C0768,P7610,1,23/01/2025,S004,Card,Completed
O0769,C0769,P7624,2,24/01/2025,S001,Online,Completed
O0770,C0770,P7630,1,24/01/2025,S002,Cash,Completed
O0771,C0771,P7642,2,25/01/2025,S003,Card,Completed
O0772,C0772,P7650,1,25/01/2025,S004,Online,Completed
O0773,C0773,P7665,3,26/01/2025,S001,Cash,Completed
O0774,C0774,P7670,1,26/01/2025,S002,Card,Completed
O0775,C0775,P7682,2,27/01/2025,S003,Online,Completed
O0776,C0776,P7690,1,27/01/2025,S004,Cash,Completed
O0777,C0777,P7704,2,28/01/2025,S001,Card,Completed
O0778,C0778,P7710,1,28/01/2025,S002,Online,Completed
O0779,C0779,P7724,3,29/01/2025,S003,Cash,Completed
O0780,C0780,P7730,1,29/01/2025,S004,Card,Completed
O0781,C0781,P7742,2,30/01/2025,S001,Online,Completed
O0782,C0782,P7750,1,30/01/2025,S002,Cash,Completed
O0783,C0783,P7765,2,31/01/2025,S003,Card,Completed
O0784,C0784,P7770,1,31/01/2025,S004,Online,Completed
O0785,C0785,P7782,3,01/02/2025,S001,Cash,Completed
O0786,C0786,P7790,1,01/02/2025,S002,Card,Completed
O0787,C0787,P7804,2,02/02/2025,S003,Online,Completed
O0788,C0788,P7810,1,02/02/2025,S004,Cash,Completed
O0789,C0789,P7824,2,03/02/2025,S001,Card,Completed
O0790,C0790,P7830,1,03/02/2025,S002,Online,Completed
O0791,C0791,P7842,3,04/02/2025,S003,Cash,Completed
O0792,C0792,P7850,1,04/02/2025,S004,Card,Completed
O0793,C0793,P7865,2,05/02/2025,S001,Online,Completed
O0794,C0794,P7870,1,05/02/2025,S002,Cash,Completed
O0795,C0795,P7882,2,06/02/2025,S003,Card,Completed
O0796,C0796,P7890,1,06/02/2025,S004,Online,Completed
O0797,C0797,P7904,3,07/02/2025,S001,Cash,Completed
O0798,C0798,P7910,1,07/02/2025,S002,Card,Completed
O0799,C0799,P7924,2,08/02/2025,S003,Online,Completed
O0800,C0800,P7930,1,08/02/2025,S004,Cash,Completed
O0801,C0801,P7942,2,09/02/2025,S001,Card,Completed
O0802,C0802,P7950,1,09/02/2025,S002,Online,Completed
O0803,C0803,P7965,3,10/02/2025,S003,Cash,Completed
O0804,C0804,P7970,1,10/02/2025,S004,Card,Completed
O0805,C0805,P7982,2,11/02/2025,S001,Online,Completed
O0806,C0806,P7990,1,11/02/2025,S002,Cash,Completed
O0807,C0807,P8004,2,12/02/2025,S003,Card,Completed
O0808,C0808,P8010,1,12/02/2025,S004,Online,Completed
O0809,C0809,P8024,3,13/02/2025,S001,Cash,Completed
O0810,C0810,P8030,1,13/02/2025,S002,Card,Completed
O0811,C0811,P8042,2,14/02/2025,S003,Online,Completed
O0812,C0812,P8050,1,14/02/2025,S004,Cash,Completed
O0813,C0813,P8065,2,15/02/2025,S001,Card,Completed
O0814,C0814,P8070,1,15/02/2025,S002,Online,Completed
O0815,C0815,P8082,3,16/02/2025,S003,Cash,Completed
O0816,C0816,P8090,1,16/02/2025,S004,Card,Completed
O0817,C0817,P8104,2,17/02/2025,S001,Online,Completed
O0818,C0818,P8110,1,17/02/2025,S002,Cash,Completed
O0819,C0819,P8124,2,18/02/2025,S003,Card,Completed
O0820,C0820,P8130,1,18/02/2025,S004,Online,Completed
O0821,C0821,P8142,3,19/02/2025,S001,Cash,Completed
O0822,C0822,P8150,1,19/02/2025,S002,Card,Completed
O0823,C0823,P8165,2,20/02/2025,S003,Online,Completed
O0824,C0824,P8170,1,20/02/2025,S004,Cash,Completed
O0825,C0825,P8182,2,21/02/2025,S001,Card,Completed
O0826,C0826,P8190,1,21/02/2025,S002,Online,Completed
O0827,C0827,P8204,3,22/02/2025,S003,Cash,Completed
O0828,C0828,P8210,1,22/02/2025,S004,Card,Completed
O0829,C0829,P8224,2,23/02/2025,S001,Online,Completed
O0830,C0830,P8230,1,23/02/2025,S002,Cash,Completed
O0831,C0831,P8242,2,24/02/2025,S003,Card,Completed
O0832,C0832,P8250,1,24/02/2025,S004,Online,Completed
O0833,C0833,P8265,3,25/02/2025,S001,Cash,Completed
O0834,C0834,P8270,1,25/02/2025,S002,Card,Completed
O0835,C0835,P8282,2,26/02/2025,S003,Online,Completed
O0836,C0836,P8290,1,26/02/2025,S004,Cash,Completed
O0837,C0837,P8304,2,27/02/2025,S001,Card,Completed
O0838,C0838,P8310,1,27/02/2025,S002,Online,Completed
O0839,C0839,P8324,3,28/02/2025,S003,Cash,Completed
O0840,C0840,P8330,1,28/02/2025,S004,Card,Completed
O0841,C0841,P8342,2,01/03/2025,S001,Online,Completed
O0842,C0842,P8350,1,01/03/2025,S002,Cash,Completed
O0843,C0843,P8365,2,02/03/2025,S003,Card,Completed
O0844,C0844,P8370,1,02/03/2025,S004,Online,Completed
O0845,C0845,P8382,3,03/03/2025,S001,Cash,Completed
O0846,C0846,P8390,1,03/03/2025,S002,Card,Completed
O0847,C0847,P8404,2,04/03/2025,S003,Online,Completed
O0848,C0848,P8410,1,04/03/2025,S004,Cash,Completed
O0849,C0849,P8424,2,05/03/2025,S001,Card,Completed
O0850,C0850,P8430,1,05/03/2025,S002,Online,Completed
O0851,C0851,P8442,3,06/03/2025,S003,Cash,Completed
O0852,C0852,P8450,1,06/03/2025,S004,Card,Completed
O0853,C0853,P8465,2,07/03/2025,S001,Online,Completed
O0854,C0854,P8470,1,07/03/2025,S002,Cash,Completed
O0855,C0855,P8482,2,08/03/2025,S003,Card,Completed
O0856,C0856,P8490,1,08/03/2025,S004,Online,Completed
O0857,C0857,P8504,3,09/03/2025,S001,Cash,Completed
O0858,C0858,P8510,1,09/03/2025,S002,Card,Completed
O0859,C0859,P8524,2,10/03/2025,S003,Online,Completed
O0860,C0860,P8530,1,10/03/2025,S004,Cash,Completed
O0861,C0861,P8542,2,11/03/2025,S001,Card,Completed
O0862,C0862,P8550,1,11/03/2025,S002,Online,Completed
O0863,C0863,P8565,3,12/03/2025,S003,Cash,Completed
O0864,C0864,P8570,1,12/03/2025,S004,Card,Completed
O0865,C0865,P8582,2,13/03/2025,S001,Online,Completed
O0866,C0866,P8590,1,13/03/2025,S002,Cash,Completed
O0867,C0867,P8604,2,14/03/2025,S003,Card,Completed
O0868,C0868,P8610,1,14/03/2025,S004,Online,Completed
O0869,C0869,P8624,3,15/03/2025,S001,Cash,Completed
O0870,C0870,P8630,1,15/03/2025,S002,Card,Completed
O0871,C0871,P8642,2,16/03/2025,S003,Online,Completed
O0872,C0872,P8650,1,16/03/2025,S004,Cash,Completed
O0873,C0873,P8665,2,17/03/2025,S001,Card,Completed
O0874,C0874,P8670,1,17/03/2025,S002,Online,Completed
O0875,C0875,P8682,3,18/03/2025,S003,Cash,Completed
O0876,C0876,P8690,1,18/03/2025,S004,Card,Completed
O0877,C0877,P8704,2,19/03/2025,S001,Online,Completed
O0878,C0878,P8710,1,19/03/2025,S002,Cash,Completed
O0879,C0879,P8724,2,20/03/2025,S003,Card,Completed
O0880,C0880,P8730,1,20/03/2025,S004,Online,Completed
O0881,C0881,P8742,3,21/03/2025,S001,Cash,Completed
O0882,C0882,P8750,1,21/03/2025,S002,Card,Completed
O0883,C0883,P8765,2,22/03/2025,S003,Online,Completed
O0884,C0884,P8770,1,22/03/2025,S004,Cash,Completed
O0885,C0885,P8782,2,23/03/2025,S001,Card,Completed
O0886,C0886,P8790,1,23/03/2025,S002,Online,Completed
O0887,C0887,P8804,3,24/03/2025,S003,Cash,Completed
O0888,C0888,P8810,1,24/03/2025,S004,Card,Completed
O0889,C0889,P8824,2,25/03/2025,S001,Online,Completed
O0890,C0890,P8830,1,25/03/2025,S002,Cash,Completed
O0891,C0891,P8842,2,26/03/2025,S003,Card,Completed
O0892,C0892,P8850,1,26/03/2025,S004,Online,Completed
O0893,C0893,P8865,3,27/03/2025,S001,Cash,Completed
O0894,C0894,P8870,1,27/03/2025,S002,Card,Completed
O0895,C0895,P8882,2,28/03/2025,S003,Online,Completed
O0896,C0896,P8890,1,28/03/2025,S004,Cash,Completed
O0897,C0897,P8904,2,29/03/2025,S001,Card,Completed
O0898,C0898,P8910,1,29/03/2025,S002,Online,Completed
O0899,C0899,P8924,3,30/03/2025,S003,Cash,Completed
O0900,C0900,P8930,1,30/03/2025,S004,Card,Completed
O0901,C0901,P8935,2,31/03/2025,S001,Online,Completed
O0902,C0902,P8940,1,31/03/2025,S002,Cash,Completed
O0903,C0903,P8951,2,01/04/2025,S003,Card,Completed
O0904,C0904,P8965,1,01/04/2025,S004,Online,Completed
O0905,C0905,P8970,3,02/04/2025,S001,Cash,Completed
O0906,C0906,P8984,1,02/04/2025,S002,Card,Completed
O0907,C0907,P8990,2,03/04/2025,S003,Online,Completed
O0908,C0908,P9004,1,03/04/2025,S004,Cash,Completed
O0909,C0909,P9010,2,04/04/2025,S001,Card,Completed
O0910,C0910,P9024,1,04/04/2025,S002,Online,Completed
O0911,C0911,P9030,3,05/04/2025,S003,Cash,Completed
O0912,C0912,P9042,1,05/04/2025,S004,Card,Completed
O0913,C0913,P9055,2,06/04/2025,S001,Online,Completed
O0914,C0914,P9060,1,06/04/2025,S002,Cash,Completed
O0915,C0915,P9071,2,07/04/2025,S003,Card,Completed
O0916,C0916,P9085,1,07/04/2025,S004,Online,Completed
O0917,C0917,P9090,3,08/04/2025,S001,Cash,Completed
O0918,C0918,P9104,1,08/04/2025,S002,Card,Completed
O0919,C0919,P9110,2,09/04/2025,S003,Online,Completed
O0920,C0920,P9124,1,09/04/2025,S004,Cash,Completed
O0921,C0921,P9130,2,10/04/2025,S001,Card,Completed
O0922,C0922,P9142,1,10/04/2025,S002,Online,Completed
O0923,C0923,P9155,3,11/04/2025,S003,Cash,Completed
O0924,C0924,P9160,1,11/04/2025,S004,Card,Completed
O0925,C0925,P9171,2,12/04/2025,S001,Online,Completed
O0926,C0926,P9185,1,12/04/2025,S002,Cash,Completed
O0927,C0927,P9190,2,13/04/2025,S003,Card,Completed
O0928,C0928,P9204,1,13/04/2025,S004,Online,Completed
O0929,C0929,P9210,3,14/04/2025,S001,Cash,Completed
O0930,C0930,P9224,1,14/04/2025,S002,Card,Completed
O0931,C0931,P9230,2,15/04/2025,S003,Online,Completed
O0932,C0932,P9242,1,15/04/2025,S004,Cash,Completed
O0933,C0933,P9255,2,16/04/2025,S001,Card,Completed
O0934,C0934,P9260,1,16/04/2025,S002,Online,Completed
O0935,C0935,P9271,3,17/04/2025,S003,Cash,Completed
O0936,C0936,P9285,1,17/04/2025,S004,Card,Completed
O0937,C0937,P9290,2,18/04/2025,S001,Online,Completed
O0938,C0938,P9304,1,18/04/2025,S002,Cash,Completed
O0939,C0939,P9310,2,19/04/2025,S003,Card,Completed
O0940,C0940,P9324,1,19/04/2025,S004,Online,Completed
O0941,C0941,P9330,3,20/04/2025,S001,Cash,Completed
O0942,C0942,P9342,1,20/04/2025,S002,Card,Completed
O0943,C0943,P9355,2,21/04/2025,S003,Online,Completed
O0944,C0944,P9360,1,21/04/2025,S004,Cash,Completed
O0945,C0945,P9371,2,22/04/2025,S001,Card,Completed
O0946,C0946,P9385,1,22/04/2025,S002,Online,Completed
O0947,C0947,P9390,3,23/04/2025,S003,Cash,Completed
O0948,C0948,P9404,1,23/04/2025,S004,Card,Completed
O0949,C0949,P9410,2,24/04/2025,S001,Online,Completed
O0950,C0950,P9424,1,24/04/2025,S002,Cash,Completed
O0951,C0951,P9430,2,25/04/2025,S003,Card,Completed
O0952,C0952,P9442,1,25/04/2025,S004,Online,Completed
O0953,C0953,P9455,3,26/04/2025,S001,Cash,Completed
O0954,C0954,P9460,1,26/04/2025,S002,Card,Completed
O0955,C0955,P9471,2,27/04/2025,S003,Online,Completed
O0956,C0956,P9485,1,27/04/2025,S004,Cash,Completed
O0957,C0957,P9490,2,28/04/2025,S001,Card,Completed
O0958,C0958,P9504,1,28/04/2025,S002,Online,Completed
O0959,C0959,P9510,3,29/04/2025,S003,Cash,Completed
O0960,C0960,P9524,1,29/04/2025,S004,Card,Completed
O0961,C0961,P9530,2,30/04/2025,S001,Online,Completed
O0962,C0962,P9542,1,30/04/2025,S002,Cash,Completed
O0963,C0963,P9555,2,01/05/2025,S003,Card,Completed
O0964,C0964,P9560,1,01/05/2025,S004,Online,Completed
O0965,C0965,P9571,3,02/05/2025,S001,Cash,Completed
O0966,C0966,P9585,1,02/05/2025,S002,Card,Completed
O0967,C0967,P9590,2,03/05/2025,S003,Online,Completed
O0968,C0968,P9604,1,03/05/2025,S004,Cash,Completed
O0969,C0969,P9610,2,04/05/2025,S001,Card,Completed
O0970,C0970,P9624,1,04/05/2025,S002,Online,Completed
O0971,C0971,P9630,3,05/05/2025,S003,Cash,Completed
O0972,C0972,P9642,1,05/05/2025,S004,Card,Completed
O0973,C0973,P9655,2,06/05/2025,S001,Online,Completed
O0974,C0974,P9660,1,06/05/2025,S002,Cash,Completed
O0975,C0975,P9671,2,07/05/2025,S003,Card,Completed
O0976,C0976,P9685,1,07/05/2025,S004,Online,Completed
O0977,C0977,P9690,3,08/05/2025,S001,Cash,Completed
O0978,C0978,P9704,1,08/05/2025,S002,Card,Completed
O0979,C0979,P9710,2,09/05/2025,S003,Online,Completed
O0980,C0980,P9724,1,09/05/2025,S004,Cash,Completed
O0981,C0981,P9730,2,10/05/2025,S001,Card,Completed
O0982,C0982,P9742,1,10/05/2025,S002,Online,Completed
O0983,C0983,P9755,3,11/05/2025,S003,Cash,Completed
O0984,C0984,P9760,1,11/05/2025,S004,Card,Completed
O0985,C0985,P9771,2,12/05/2025,S001,Online,Completed
O0986,C0986,P9785,1,12/05/2025,S002,Cash,Completed
O0987,C0987,P9790,2,13/05/2025,S003,Card,Completed
O0988,C0988,P9804,1,13/05/2025,S004,Online,Completed
O0989,C0989,P9810,3,14/05/2025,S001,Cash,Completed
O0990,C0990,P9824,1,14/05/2025,S002,Card,Completed
O0991,C0991,P9830,2,15/05/2025,S003,Online,Completed
O0992,C0992,P9842,1,15/05/2025,S004,Cash,Completed
O0993,C0993,P9855,2,16/05/2025,S001,Card,Completed
O0994,C0994,P9860,1,16/05/2025,S002,Online,Completed
O0995,C0995,P9871,3,17/05/2025,S003,Cash,Completed
O0996,C0996,P9885,1,17/05/2025,S004,Card,Completed
O0997,C0997,P9890,2,18/05/2025,S001,Online,Completed
O0998,C0998,P9904,1,18/05/2025,S002,Cash,Completed
O0999,C0999,P9910,2,19/05/2025,S003,Card,Completed
O1000,C1000,P9924,1,19/05/2025,S004,Online,Completed
O1001,C1001,P9930,3,20/05/2025,S001,Cash,Completed
O1002,C1002,P9942,1,20/05/2025,S002,Card,Completed
O1003,C1003,P9955,2,21/05/2025,S003,Online,Completed
O1004,C1004,P9960,1,21/05/2025,S004,Cash,Completed
O1005,C1005,P9971,2,22/05/2025,S001,Card,Completed
O1006,C1006,P9985,1,22/05/2025,S002,Online,Completed
O1007,C1007,P9990,3,23/05/2025,S003,Cash,Completed
O1008,C1008,P10004,1,23/05/2025,S004,Card,Completed
O1009,C1009,P10010,2,24/05/2025,S001,Online,Completed
O1010,C1010,P10024,1,24/05/2025,S002,Cash,Completed
O1011,C1011,P10030,2,25/05/2025,S003,Card,Completed
O1012,C1012,P10042,1,25/05/2025,S004,Online,Completed
O1013,C1013,P10055,3,26/05/2025,S001,Cash,Completed
O1014,C1014,P10060,1,26/05/2025,S002,Card,Completed
O1015,C1015,P10071,2,27/05/2025,S003,Online,Completed
O1016,C1016,P10085,1,27/05/2025,S004,Cash,Completed
O1017,C1017,P10090,2,28/05/2025,S001,Card,Completed
O1018,C1018,P10104,1,28/05/2025,S002,Online,Completed
O1019,C1019,P10110,3,29/05/2025,S003,Cash,Completed
O1020,C1020,P10124,1,29/05/2025,S004,Card,Completed
O1021,C1021,P10130,2,30/05/2025,S001,Online,Completed
O1022,C1022,P10142,1,30/05/2025,S002,Cash,Completed
O1023,C1023,P10155,2,31/05/2025,S003,Card,Completed
O1024,C1024,P10160,1,31/05/2025,S004,Online,Completed
O1025,C1025,P10171,3,01/06/2025,S001,Cash,Completed
O1026,C1026,P10185,1,01/06/2025,S002,Card,Completed
O1027,C1027,P10190,2,02/06/2025,S003,Online,Completed
O1028,C1028,P10204,1,02/06/2025,S004,Cash,Completed
O1029,C1029,P10210,2,03/06/2025,S001,Card,Completed
O1030,C1030,P10224,1,03/06/2025,S002,Online,Completed
O1031,C1031,P10230,3,04/06/2025,S003,Cash,Completed
O1032,C1032,P10242,1,04/06/2025,S004,Card,Completed
O1033,C1033,P10255,2,05/06/2025,S001,Online,Completed
O1034,C1034,P10260,1,05/06/2025,S002,Cash,Completed
O1035,C1035,P10271,2,06/06/2025,S003,Card,Completed
O1036,C1036,P10285,1,06/06/2025,S004,Online,Completed
O1037,C1037,P10290,3,07/06/2025,S001,Cash,Completed
O1038,C1038,P10304,1,07/06/2025,S002,Card,Completed
O1039,C1039,P10310,2,08/06/2025,S003,Online,Completed
O1040,C1040,P10324,1,08/06/2025,S004,Cash,Completed
O1041,C1041,P10330,2,09/06/2025,S001,Card,Completed
O1042,C1042,P10342,1,09/06/2025,S002,Online,Completed
O1043,C1043,P10355,3,10/06/2025,S003,Cash,Completed
O1044,C1044,P10360,1,10/06/2025,S004,Card,Completed
O1045,C1045,P10371,2,11/06/2025,S001,Online,Completed
O1046,C1046,P10385,1,11/06/2025,S002,Cash,Completed
O1047,C1047,P10390,2,12/06/2025,S003,Card,Completed
O1048,C1048,P10404,1,12/06/2025,S004,Online,Completed
O1049,C1049,P10410,3,13/06/2025,S001,Cash,Completed
O1050,C1050,P10424,1,13/06/2025,S002,Card,Completed
O1051,C1051,P10430,2,14/06/2025,S003,Online,Completed
O1052,C1052,P10442,1,14/06/2025,S004,Cash,Completed
O1053,C1053,P10455,2,15/06/2025,S001,Card,Completed
O1054,C1054,P10460,1,15/06/2025,S002,Online,Completed
O1055,C1055,P10471,3,16/06/2025,S003,Cash,Completed
O1056,C1056,P10485,1,16/06/2025,S004,Card,Completed
O1057,C1057,P10490,2,17/06/2025,S001,Online,Completed
O1058,C1058,P10504,1,17/06/2025,S002,Cash,Completed
O1059,C1059,P10510,2,18/06/2025,S003,Card,Completed
O1060,C1060,P10524,1,18/06/2025,S004,Online,Completed
O1061,C1061,P10530,3,19/06/2025,S001,Cash,Completed
O1062,C1062,P10542,1,19/06/2025,S002,Card,Completed
O1063,C1063,P10555,2,20/06/2025,S003,Online,Completed
O1064,C1064,P10560,1,20/06/2025,S004,Cash,Completed
O1065,C1065,P10571,2,21/06/2025,S001,Card,Completed
O1066,C1066,P10585,1,21/06/2025,S002,Online,Completed
O1067,C1067,P10590,3,22/06/2025,S003,Cash,Completed
O1068,C1068,P10604,1,22/06/2025,S004,Card,Completed
O1069,C1069,P10610,2,23/06/2025,S001,Online,Completed
O1070,C1070,P10624,1,23/06/2025,S002,Cash,Completed
O1071,C1071,P10630,2,24/06/2025,S003,Card,Completed
O1072,C1072,P10642,1,24/06/2025,S004,Online,Completed
O1073,C1073,P10655,3,25/06/2025,S001,Cash,Completed
O1074,C1074,P10660,1,25/06/2025,S002,Card,Completed
O1075,C1075,P10671,2,26/06/2025,S003,Online,Completed
O1076,C1076,P10685,1,26/06/2025,S004,Cash,Completed
O1077,C1077,P10690,2,27/06/2025,S001,Card,Completed
O1078,C1078,P10704,1,27/06/2025,S002,Online,Completed
O1079,C1079,P10710,3,28/06/2025,S003,Cash,Completed
O1080,C1080,P10724,1,28/06/2025,S004,Card,Completed
O1081,C1081,P10730,2,29/06/2025,S001,Online,Completed
O1082,C1082,P10742,1,29/06/2025,S002,Cash,Completed
O1083,C1083,P10755,2,30/06/2025,S003,Card,Completed
O1084,C1084,P10760,1,30/06/2025,S004,Online,Completed
O1085,C1085,P10771,3,01/07/2025,S001,Cash,Completed
O1086,C1086,P10785,1,01/07/2025,S002,Card,Completed
O1087,C1087,P10790,2,02/07/2025,S003,Online,Completed
O1088,C1088,P10804,1,02/07/2025,S004,Cash,Completed
O1089,C1089,P10810,2,03/07/2025,S001,Card,Completed
O1090,C1090,P10824,1,03/07/2025,S002,Online,Completed
O1091,C1091,P10830,3,04/07/2025,S003,Cash,Completed
O1092,C1092,P10842,1,04/07/2025,S004,Card,Completed
O1093,C1093,P10855,2,05/07/2025,S001,Online,Completed
O1094,C1094,P10860,1,05/07/2025,S002,Cash,Completed
O1095,C1095,P10871,2,06/07/2025,S003,Card,Completed
O1096,C1096,P10885,1,06/07/2025,S004,Online,Completed
O1097,C1097,P10890,3,07/07/2025,S001,Cash,Completed
O1098,C1098,P10904,1,07/07/2025,S002,Card,Completed
O1099,C1099,P10910,2,08/07/2025,S003,Online,Completed
O1100,C1100,P10924,1,08/07/2025,S004,Cash,Completed
O1101,C1101,P10930,2,09/07/2025,S001,Card,Completed
O1102,C1102,P10942,1,09/07/2025,S002,Online,Completed
O1103,C1103,P10955,3,10/07/2025,S003,Cash,Completed
O1104,C1104,P10960,1,10/07/2025,S004,Card,Completed
O1105,C1105,P10971,2,11/07/2025,S001,Online,Completed
O1106,C1106,P10985,1,11/07/2025,S002,Cash,Completed
O1107,C1107,P10990,2,12/07/2025,S003,Card,Completed
O1108,C1108,P11004,1,12/07/2025,S004,Online,Completed
O1109,C1109,P11010,3,13/07/2025,S001,Cash,Completed
O1110,C1110,P11024,1,13/07/2025,S002,Card,Completed
O1111,C1111,P11030,2,14/07/2025,S003,Online,Completed
O1112,C1112,P11042,1,14/07/2025,S004,Cash,Completed
O1113,C1113,P11055,2,15/07/2025,S001,Card,Completed
O1114,C1114,P11060,1,15/07/2025,S002,Online,Completed
O1115,C1115,P11071,3,16/07/2025,S003,Cash,Completed
O1116,C1116,P11085,1,16/07/2025,S004,Card,Completed
O1117,C1117,P11090,2,17/07/2025,S001,Online,Completed
O1118,C1118,P11104,1,17/07/2025,S002,Cash,Completed
O1119,C1119,P11110,2,18/07/2025,S003,Card,Completed
O1120,C1120,P11124,1,18/07/2025,S004,Online,Completed
O1121,C1121,P11130,3,19/07/2025,S001,Cash,Completed
O1122,C1122,P11142,1,19/07/2025,S002,Card,Completed
O1123,C1123,P11155,2,20/07/2025,S003,Online,Completed
O1124,C1124,P11160,1,20/07/2025,S004,Cash,Completed
O1125,C1125,P11171,2,21/07/2025,S001,Card,Completed
O1126,C1126,P11185,1,21/07/2025,S002,Online,Completed
O1127,C1127,P11190,3,22/07/2025,S003,Cash,Completed
O1128,C1128,P11204,1,22/07/2025,S004,Card,Completed
O1129,C1129,P11210,2,23/07/2025,S001,Online,Completed
O1130,C1130,P11224,1,23/07/2025,S002,Cash,Completed
O1131,C1131,P11230,2,24/07/2025,S003,Card,Completed
O1132,C1132,P11242,1,24/07/2025,S004,Online,Completed
O1133,C1133,P11255,3,25/07/2025,S001,Cash,Completed
O1134,C1134,P11260,1,25/07/2025,S002,Card,Completed
O1135,C1135,P11271,2,26/07/2025,S003,Online,Completed
O1136,C1136,P11285,1,26/07/2025,S004,Cash,Completed
O1137,C1137,P11290,2,27/07/2025,S001,Card,Completed
O1138,C1138,P11304,1,27/07/2025,S002,Online,Completed
O1139,C1139,P11310,3,28/07/2025,S003,Cash,Completed
O1140,C1140,P11324,1,28/07/2025,S004,Card,Completed
O1141,C1141,P11330,2,29/07/2025,S001,Online,Completed
O1142,C1142,P11342,1,29/07/2025,S002,Cash,Completed
O1143,C1143,P11355,2,30/07/2025,S003,Card,Completed
O1144,C1144,P11360,1,30/07/2025,S004,Online,Completed
O1145,C1145,P11371,3,31/07/2025,S001,Cash,Completed
O1146,C1146,P11385,1,31/07/2025,S002,Card,Completed
O1147,C1147,P11390,2,01/08/2025,S003,Online,Completed
O1148,C1148,P11404,1,01/08/2025,S004,Cash,Completed
O1149,C1149,P11410,2,02/08/2025,S001,Card,Completed
O1150,C1150,P11424,1,02/08/2025,S002,Online,Completed
O1151,C1151,P11430,3,03/08/2025,S003,Cash,Completed
O1152,C1152,P11442,1,03/08/2025,S004,Card,Completed
O1153,C1153,P11455,2,04/08/2025,S001,Online,Completed
O1154,C1154,P11460,1,04/08/2025,S002,Cash,Completed
O1155,C1155,P11471,2,05/08/2025,S003,Card,Completed
O1156,C1156,P11485,1,05/08/2025,S004,Online,Completed
O1157,C1157,P11490,3,06/08/2025,S001,Cash,Completed
O1158,C1158,P11504,1,06/08/2025,S002,Card,Completed
O1159,C1159,P11510,2,07/08/2025,S003,Online,Completed
O1160,C1160,P11524,1,07/08/2025,S004,Cash,Completed
O1161,C1161,P11530,2,08/08/2025,S001,Card,Completed
O1162,C1162,P11542,1,08/08/2025,S002,Online,Completed
O1163,C1163,P11555,3,09/08/2025,S003,Cash,Completed
O1164,C1164,P11560,1,09/08/2025,S004,Card,Completed
O1165,C1165,P11571,2,10/08/2025,S001,Online,Completed
O1166,C1166,P11585,1,10/08/2025,S002,Cash,Completed
O1167,C1167,P11590,2,11/08/2025,S003,Card,Completed
O1168,C1168,P11604,1,11/08/2025,S004,Online,Completed
O1169,C1169,P11610,3,12/08/2025,S001,Cash,Completed
O1170,C1170,P11624,1,12/08/2025,S002,Card,Completed
O1171,C1171,P11630,2,13/08/2025,S003,Online,Completed
O1172,C1172,P11642,1,13/08/2025,S004,Cash,Completed
O1173,C1173,P11655,2,14/08/2025,S001,Card,Completed
O1174,C1174,P11660,1,14/08/2025,S002,Online,Completed
O1175,C1175,P11671,3,15/08/2025,S003,Cash,Completed
O1176,C1176,P11685,1,15/08/2025,S004,Card,Completed
O1177,C1177,P11690,2,16/08/2025,S001,Online,Completed
O1178,C1178,P11704,1,16/08/2025,S002,Cash,Completed
O1179,C1179,P11710,2,17/08/2025,S003,Card,Completed
O1180,C1180,P11724,1,17/08/2025,S004,Online,Completed
O1181,C1181,P11730,3,18/08/2025,S001,Cash,Completed
O1182,C1182,P11742,1,18/08/2025,S002,Card,Completed
O1183,C1183,P11755,2,19/08/2025,S003,Online,Completed
O1184,C1184,P11760,1,19/08/2025,S004,Cash,Completed
O1185,C1185,P11771,2,20/08/2025,S001,Card,Completed
O1186,C1186,P11785,1,20/08/2025,S002,Online,Completed
O1187,C1187,P11790,3,21/08/2025,S003,Cash,Completed
O1188,C1188,P11804,1,21/08/2025,S004,Card,Completed
O1189,C1189,P11810,2,22/08/2025,S001,Online,Completed
O1190,C1190,P11824,1,22/08/2025,S002,Cash,Completed
O1191,C1191,P11830,2,23/08/2025,S003,Card,Completed
O1192,C1192,P11842,1,23/08/2025,S004,Online,Completed
O1193,C1193,P11855,3,24/08/2025,S001,Cash,Completed
O1194,C1194,P11860,1,24/08/2025,S002,Card,Completed
O1195,C1195,P11871,2,25/08/2025,S003,Online,Completed
O1196,C1196,P11885,1,25/08/2025,S004,Cash,Completed
O1197,C1197,P11890,2,26/08/2025,S001,Card,Completed
O1198,C1198,P11904,1,26/08/2025,S002,Online,Completed
O1199,C1199,P11910,3,27/08/2025,S003,Cash,Completed
O1200,C1200,P11924,1,27/08/2025,S004,Card,Completed
